504260	19506	multi-table	globalbioticinteractions/fishbase	Froese, R. and D. Pauly. Editors. 2016. FishBase. World Wide Web electronic publication. www.fishbase.org, version (10/2016).	2018-09-14T22:10:22.861Z
271904	14871	single table	millerse/Wardeh-et-al.-2015	Sarah E Miller. 4/18/2016. Species associations from Wardeh, M. et al. Database of host-pathogen and related species interactions, and their global distribution. Sci. Data 2:150049 doi: 10.1038/sdata.2015.49 (2015)	2018-09-18T22:59:43.632Z
242429	57193	single table	globalbioticinteractions/natural-history-museum-london-interactions-bank	no citation	2018-09-18T23:00:42.207Z
225564	1268	single table	millerse/Dapstrom-integrated-database-and-portal-for-fish-stomach-records	no citation	2018-09-18T22:10:44.663Z
183935	835	single table	globalbioticinteractions/ices	Cooperative Research Report No. 164; Cooperative Research Report No. 219, ICES Stomach DatasetImpl, International Council for the Exploration of the Sea (ICES). Available at http://www.ices.dk/products/cooperative.asp .	2018-09-18T22:52:07.983Z
183773	34194	single table	EOL/pseudonitzchia	no citation	2018-09-18T23:00:58.621Z
122328	379	single table	globalbioticinteractions/noaa-reem	no citation	2018-09-18T22:18:49.253Z
99715	33008	single table	millerse/US-National-Parasite-Collection	no citation	2018-09-18T23:00:38.577Z
96647	736	single table	globalbioticinteractions/roopnarine	Roopnarine, P. D., & Hertog, R. (2013). Detailed Food Web Networks of Three Greater Antillean Coral Reef Systems: The Cayman Islands, Cuba, and Jamaica. Dataset Papers in Ecology, 2013, 1–9. doi:10.7167/2013/857470	2018-09-18T22:59:42.427Z
74304	1903	multi-table	GoMexSI/interaction-data	http://gomexsi.tamucc.edu	2018-09-18T22:05:35.785Z
61195	19828	multi-table	globalbioticinteractions/bioinfo	Food Webs and Species Interactions in the Biodiversity of UK and Ireland (Online). 2017. Data provided by Malcolm Storey. Also available from http://bioinfo.org.uk.	2018-09-18T22:21:12.053Z
51285	7477	multi-table	globalbioticinteractions/web-of-life	Web of Life. http://www.web-of-life.es .	2018-09-18T22:11:22.131Z
43645	9169	single table	globalbioticinteractions/ferrer-paris	 Ferrer-Paris, José R.; Sánchez-Mercado, Ada Y.; Lozano, Cecilia; Zambrano, Liset; Soto, José; Baettig, Jessica; Leal, María (2014): A compilation of larval host-plant records for six families of butterflies (Lepidoptera: Papilionoidea) from available electronic resources. figshare. http://dx.doi.org/10.6084/m9.figshare.1168861	2018-09-18T22:10:46.147Z
40474	6664	multi-table	globalbioticinteractions/sealifebase	Palomares, M.L.D. and D. Pauly. Editors. 2016. SeaLifeBase. World Wide Web electronic publication. www.sealifebase.org, version (10/2016).	2018-09-18T23:00:24.490Z
39620	11702	json	globalbioticinteractions/inaturalist	http://iNaturalist.org is a place where you can record what you see in nature, meet other nature lovers, and learn about the natural world.	2018-09-18T22:21:13.602Z
39520	4958	single table	kinseyfish/dietdatabase	Allen Hurlbert. 2017. Avian Diet Database.	2018-09-18T22:19:50.604Z
39476	4958	single table	hurlbertlab/dietdatabase	Allen Hurlbert. 2017. Avian Diet Database.	2018-09-18T22:05:21.773Z
38008	15357	single table	globalbioticinteractions/strona	Giovanni Strona, Maria Lourdes D. Palomares, Nicolas Bailly, Paolo Galli, and Kevin D. Lafferty. 2013. Host range, host ecology, and distribution of more than 11800 fish parasite species. Ecology 94:544. http://dx.doi.org/10.1890/12-1419.1 .	2018-09-18T22:19:54.008Z
34931	241	multi-table	globalbioticinteractions/barnes	Barnes, C. et al., 2008. Predator and prey body sizes in marine food webs. Ecology, 89(3), pp.881–881. Available at: https://doi.org/10.1890/07-1551.1 . Data provided by Carolyn Barnes. Also available at http://www.esapubs.org/Archive/ecol/E089/051/ .	2018-09-18T22:05:50.277Z
34179	7049	single table	millerse/Ecological-Database-of-the-World-s-Insect-Pathogens	Sarah E Miller. 12/13/2016. Species associations manually extracted from Onstad, D.W. EDWIP: Ecological Database of the World's Insect Pathogens. Champaign, Illinois: Illinois Natural History Survey, [23/11/2016]. http://insectweb.inhs.uiuc.edu/Pathogens/EDWIP.	2018-09-18T22:19:32.365Z
32120	4905	single table	globalbioticinteractions/globalwebdb	Global Web Database (http://globalwebdb.com): an online collection of food webs. Accessed via https://www.globalwebdb.com/Service/DownloadArchive on 2017-10-12.	2018-09-18T22:05:10.232Z
31848	1172	single table	millerse/Arctos	Sarah E Miller. 7/6/2016. Arctos collection.	2018-09-18T22:19:58.524Z
30167	4125	rdf	globalbioticinteractions/spire	no citation	2018-09-18T22:52:30.417Z
29548	4604	single table	Dryu0003/dietdatabase	Allen Hurlbert. 2017. Avian Diet Database.	2018-09-18T22:53:43.536Z
26462	1065	multi-table	globalbioticinteractions/raymond	Raymond, B., Marshall, M., Nevitt, G., Gillies, C., van den Hoff, J., Stark, J.S., Losekoot, M., Woehler, E.J., and Constable, A.J. (2011) A Southern Ocean dietary database. Ecology 92(5):1188. Available from http://dx.doi.org/10.1890/10-1907.1 . Data set supplied by Ben Raymond.	2018-09-18T22:59:55.834Z
25919	131	single table	globalbioticinteractions/wood2015	Wood SA, Russell R, Hanson D, Williams RJ, Dunne JA (2015) Data from: Effects of spatial scale of sampling on food web structure. Dryad Digital Repository. http://dx.doi.org/10.5061/dryad.g1qr6	2018-09-18T22:52:43.561Z
25838	1328	multi-table	globalbioticinteractions/saproxylic	Stokland, J.; Dahlberg, A.; Meyke, E.; Schigel, D.; Siitonen, J. (2006) The Nordic saproxylic database - a comprehensive overview of the biological diversity in dead wood. 1st European Congress of Conservation Biology - "Diversity for Europe". August 2006, Hungary. Book of Abstracts. Society of Conservation Biology (USA) & Blackwell Publishing (UK) p. 159 .	2018-09-18T22:53:56.561Z
22827	377	single table	millerse/Buprestidae-of-North-America	Sarah E Miller. 06/10/2015. Species associations manually extracted from Chamberlin, W. J. The Buprestidae of North America, Exclusive of Mexico, a Catalogue including Synonomy, Bibliography, Distribution, Type Locality and Hosts of Each Species,. 1926.	2018-09-18T22:59:09.955Z
20823	810	single table	globalbioticinteractions/gray2015	Gray C, Ma A, Perkins D, Hudson L, Figueroa D, Woodward G (2015). Database of trophic interactions. Zenodo. https://doi.org/10.5281/zenodo.13751	2018-09-18T23:00:25.116Z
16865	1525	multi-table	globalbioticinteractions/brose	Brose, U. et al., 2005. Body sizes of consumers and their resources. Ecology 86:2545. Available from doi:10.1890/05-0379 .	2018-09-18T22:51:57.758Z
16331	124	multi-table	GoMexSI/akin	Akin, S., & Winemiller, K. O. (2006). Seasonal variation in food web composition and structure in a temperate tidal estuary. Estuaries and Coasts, 29(4), 552–567. doi:10.1007/bf02784282	2018-09-18T22:11:20.327Z
15596	8025	single table	globalbioticinteractions/aps	Poelen, JH (2016). Plant pathogen-host interactions scraped from Common Names of Plant Diseases published by the American Phytopathological Society at http://www.apsnet.org/publications/commonnames/Pages/default.aspx using Samara, a Planteome (http://planteome.org) plant-trait scraper.	2018-09-18T22:59:12.431Z
14896	8289	single table	globalbioticinteractions/siad	Species Interactions of Australia Database (SIAD): Helping us to understand species interactions in Australia and beyond. http://www.discoverlife.org/siad/ .	2018-09-18T22:21:01.500Z
13966	250	multi-table	globalbioticinteractions/hechinger2011	Ryan F. Hechinger, Kevin D. Lafferty, John P. McLaughlin, Brian L. Fredensborg, Todd C. Huspeni, Julio Lorda, Parwant K. Sandhu, Jenny C. Shaw, Mark E. Torchin, Kathleen L. Whitney, and Armand M. Kuris 2011. Food webs including parasites, biomass, body sizes, and life stages for three California/Baja California estuaries. Ecology 92:791–791. https://doi.org/10.1890/10-1383.1 .	2018-09-18T22:05:17.274Z
12610	10542	single table	globalbioticinteractions/gemina	Schriml, L. M., Arze, C., Nadendla, S., Ganapathy, A., Felix, V., Mahurkar, A., … Hall, N. (2009). GeMInA, Genomic Metadata for Infectious Agents, a geospatial surveillance pathogen database. Nucleic Acids Research, 38(Database), D754–D764. doi:10.1093/nar/gkp832	2018-09-18T22:59:40.678Z
10382	449	single table	jhpoelen/data	no citation	2018-09-18T22:05:28.037Z
10382	449	single table	globalbioticinteractions/phi-base-data	no citation	2018-09-18T22:07:28.927Z
10382	448	single table	PHI-base/data	no citation	2018-09-18T22:59:04.829Z
9063	4332	single table	millerse/Benesh-et-al-2017	Sarah E Miller. 9/19/2017. Species associations manually extracted from Benesh, D. P., Lafferty, K. D. and Kuris, A. (2017), A life cycle database for parasitic acanthocephalans, cestodes, and nematodes. Ecology, 98: 882. doi:10.1002/ecy.1680	2018-09-18T22:59:52.460Z
9063	4332	single table	cmungall/Benesh-et-al-2017	Sarah E Miller. 9/19/2017. Species associations manually extracted from Benesh, D. P., Lafferty, K. D. and Kuris, A. (2017), A life cycle database for parasitic acanthocephalans, cestodes, and nematodes. Ecology, 98: 882. doi:10.1002/ecy.1680	2018-09-18T22:52:03.819Z
8320	1054	single table	globalbioticinteractions/bello2017	no citation	2018-09-18T22:52:41.395Z
7720	365	multi-table	globalbioticinteractions/szoboszlai2015	Szoboszlai AI, Thayer JA, Wood SA, Sydeman WJ, Koehn LE (2015) Data from: Forage species in predator diets: synthesis of data from the California Current. Dryad Digital Repository. http://dx.doi.org/10.5061/dryad.nv5d2	2018-09-18T22:51:51.347Z
7694	1794	single table	globalbioticinteractions/AfricaTreeDatabase	Seltzer, Carrie; Wysocki, William; Palacios, Melissa; Eickhoff, Anna; Pilla, Hannah; Aungst, Jordan; Mercer, Aaron; Quicho, Jamie; Voss, Neil; Xu, Man; J. Ndangalasi, Henry; C. Lovett, Jon; J. Cordeiro, Norbert (2015): Plant-animal interactions from Africa. figshare. https://dx.doi.org/10.6084/m9.figshare.1526128	2018-09-18T22:59:53.134Z
7327	803	single table	millerse/Biological-Station-Arthropod-Collection	Sarah E. Miller.  07/06/2017.  Information extracted from dataset https://www.idigbio.org/portal/recordsets/db4bb0df-8539-4617-ab5f-eb118aa3126b.	2018-09-18T23:00:53.451Z
6774	511	multi-table	globalbioticinteractions/dunne2016SanakNearshore	Nearshore foob web manually extracted from Supplementary Data S1 in Dunne, J. A., Maschner, H., Betts, M. W., Huntly, N., Russell, R., Williams, R. J., & Wood, S. A. (2016). The roles and impacts of human hunter-gatherers in North Pacific marine food webs. Scientific Reports, 6, 21179. doi:10.1038/srep21179	2018-09-18T23:00:40.158Z
5673	623	single table	GoMexSI/simons	Simons JD. 1997. Food habits and trophic structure of the demersal fish assemblages on the Mississippi-Alabama continental shelf. PhD Thesis.	2018-09-18T22:05:51.619Z
5275	1466	dwca	globalbioticinteractions/Catalogue-of-Afrotropical-Bees	Eardley C, Coetzer W. 2011. Catalogue of Afrotropical Bees. http://doi.org/10.15468/u9ezbh	2018-09-18T22:05:53.887Z
5244	1670	single table	millerse/Plant-Pollinator-Web	Sarah E Miller. 6/19/2015. Species associations manually extracted from datasets https://www.nceas.ucsb.edu/interactionweb/resources.html.	2018-09-18T22:52:10.479Z
4409	544	multi-table	GoMexSI/abascal	http://gomexsi.tamucc.edu	2018-09-18T22:59:16.798Z
4167	971	single table	millerse/Lice	Sarah E Miller. 06/17/2015. Durden, Lance A., and Guy A. Musser. The Sucking Lice (Insecta, Anoplura) of the World : A Taxonomic Checklist with Records of Mammalian Hosts and Geographical Distributions. Bulletin of the AMNH ; No. 218. New York: American Museum of Natural History, 1994. Web.	2018-09-18T22:52:13.148Z
3589	1702	single table	globalbioticinteractions/saito2016	no citation	2018-09-18T23:00:04.020Z
3514	212	single table	globalbioticinteractions/aps-turfgrasses	Poelen, JH (2017). Plant pathogen-host interactions semi-automatically scraped from Common Names of Plant Diseases published by the American Phytopathological Society at http://www.apsnet.org/publications/commonnames/Pages/Turfgrasses.aspx using Samara, a Planteome (http://planteome.org) plant-trait scraper.	2018-09-18T22:05:30.147Z
3343	955	single table	millerse/Pollination-Collection	Sarah E Miller. 5/30/2016. Interations from various papers.	2018-09-18T22:58:57.535Z
3338	157	multi-table	globalbioticinteractions/thieltges2011	David W. Thieltges, Karsten Reise, Kim N. Mouritsen, John P. McLaughlin, and Robert Poulin. 2011. Food web including metazoan parasites for a tidal basin in Germany and Denmark. Ecology 92:2005. https://doi.org/10.1890/11-0351.1	2018-09-18T22:19:46.115Z
3293	260	single table	millerse/Bascompte-J.-Meli-n-C.J.-and-Sala-E.-2005	Sarah E Miller. 3/31/2015.  Species associations extracted from paper Jordi Bascompte, Carlos J. Melián, and Enric Sala Interaction strength combinations and the overfishing of a marine food web PNAS 2005 102: 5443-5447.	2018-09-18T22:19:51.805Z
2674	1498	single table	fgabriel1891/Plant-Frugivore-Interactions-SouthEastAsia	F. Gabriel. Muñoz. 2017. Palm-Animal frugivore associations extracted from literature with Biodiversity Observations Miner for SouthEast Asia.	2018-09-18T22:11:00.963Z
2651	1032	single table	millerse/Flowers-and-insects-lists-of-visitors-to-four-hundred-and-fifty-three-flowers	Sarah E Miller. 6/25/2015. Species associations manually extracted from Robertson, C. 1929. Flowers and insects: lists of visitors to four hundred and fifty-three flowers. Carlinville, IL, USA, C. Robertson.	2018-09-18T22:06:19.654Z
2534	727	single table	millerse/BHL-Interactions	Sarah E Miller. 5/21/2015. Text gathered from http://www.biodiversitylibrary.org/	2018-09-18T22:59:08.230Z
2450	230	multi-table	globalbioticinteractions/planque2014	Benjamin Planque, Raul Primicerio, Kathrine Michalsen, Michaela Aschan, Grégoire Certain, Padmini Dalpadado, Harald Gjøsæater, Cecilie Hansen, Edda Johannesen, Lis Lindal Jørgensen, Ina Kolsum, Susanne Kortsch, Lise-Marie Leclerc, Lena Omli, Mette Skern-Mauritzen, and Magnus Wiedmann 2014. Who eats whom in the Barents Sea: a food web topology from plankton to whales. Ecology 95:1430–1430. https://doi.org/10.1890/13-1062.1	2018-09-18T22:19:09.633Z
2316	2687	single table	millerse/Lichenous	Sarah E Miller. 3/22/2016. Species associations extracted from Lawrey, J. D. & P. Diederich. 2016. Lichenicolous fungi – worldwide checklist, including isolated cultures and sequences available. URL: http://www.lichenicolous.net [1/3/2017].	2018-09-18T22:51:58.576Z
2290	126	single table	millerse/Carpinteria-Salt-Marsh-Web	Sarah E Miller. 6/19/2015. Species associations manually extracted from datasets https://www.nceas.ucsb.edu/interactionweb/resources.html.	2018-09-18T22:52:09.515Z
2156	744	single table	millerse/A-Host-parasite-Catalog-of-North-American-Tachinidae-Diptera-	Sarah E Miller. 5/28/2015. Arnaud, Paul Henri. A Host-parasite Catalog of North American Tachinidae (Diptera). Washington, D.C.: U.S. Dept. of Agriculture, Science and Education Administration, 1978.	2018-09-18T22:11:15.408Z
2090	204	multi-table	globalbioticinteractions/byrnes	no citation	2018-09-18T22:59:49.013Z
1924	126	multi-table	globalbioticinteractions/mouritsen2011	Kim N. Mouritsen, Robert Poulin, John P. McLaughlin and David W. Thieltges. 2011. Food web including metazoan parasites for an intertidal ecosystem in New Zealand. Ecology 92:2006.  https://doi.org/10.1890/11-0371.1	2018-09-18T22:05:14.208Z
1905	63	multi-table	globalbioticinteractions/preston2012	Daniel L. Preston, Sarah A. Orlofske, John P. McLaughlin, and Pieter T. J. Johnson. 2012. Food web including infectious agents for a California freshwater pond. Ecology 93:1760. https://doi.org/10.1890/11-2194.1	2018-09-18T22:59:31.255Z
1832	206	single table	millerse/Seaweed	Sarah E Miller. 9/2/2015. Byrnes, Jarrett Edward; Reed, Daniel C; Cardinale, Bradley Joseph; Cavanaugh, Kyle C; Holbrook, Sally J; Schmitt, Russell J (2012-02-27): SBC LTER: Reef: Feeding relationships for kelp forest species. Santa Barbara Coastal LTER; Long Term Ecological Research Network. http://dx.doi.org/10.6073/pasta/0873e69e238051cb67f28f6025f53da3	2018-09-18T22:53:44.495Z
1804	233	multi-table	globalbioticinteractions/dunne2016SanakIntertidal	Intertidal food web manually extracted from Supplementary Data S1 in Dunne, J. A., Maschner, H., Betts, M. W., Huntly, N., Russell, R., Williams, R. J., & Wood, S. A. (2016). The roles and impacts of human hunter-gatherers in North Pacific marine food webs. Scientific Reports, 6, 21179. doi:10.1038/srep21179	2018-09-18T22:51:59.054Z
1577	102	multi-table	globalbioticinteractions/zander2011	Zander, C. D., Josten, N., Detloff, K. C., Poulin, R., McLaughlin, J. P., & Thieltges, D. W. (2011). Food web including metazoan parasites for a brackish shallow water ecosystem in Germany and Denmark. Ecology, 92(10):2007. https://doi.org/10.1890/11-0374.1	2018-09-18T22:05:47.219Z
1183	215	single table	millerse/Canadian-freshwater-fish-and-their-metazoan-parasites	Sarah E Miller. 6/18/2015. Species associations manually extracted from datasets https://www.nceas.ucsb.edu/interactionweb/resources.html.	2018-09-18T22:59:14.971Z
1175	452	single table	fgabriel1891/Palm-Frugivore_Interactions_Neo-Afrotropics	Muñoz, G., Trøjelsgaard, K., & W.D. Kissling. 2018. A synthesis of animal-mediated seed dispersal of palms reveals distinct biogeographic differences in species interactions. Journal of Biogeography (in progress)	2018-09-18T22:20:59.340Z
1154	419	single table	millerse/Wenzel-Tipton-Classified-List-of-Hosts-and-Parasites	Sarah E Miller. 5/17/2016. Wenzel, Rupert L., and Vernon J. Tipton. Appendix: Classified List of Hosts and Parasites. Chicago, Ill.: Field Museum of Natural History, 1966.	2018-09-18T22:07:31.203Z
1130	52	multi-table	GoMexSI/blewett	Blewett, D. A., Hensley, R. A., & Stevens, P. W. (2006). Feeding Habits of Common Snook, Centropomus undecimalis, in Charlotte Harbor, Florida. Gulf and Caribbean Research, 18. doi:10.18785/gcr.1801.01	2018-09-18T22:17:52.682Z
1125	488	single table	millerse/grazers-of-North-American-aquatic-plants	Sarah E Miller. 5/16/2016. Harms, N. E., & Grodowitz, M. J. (2009). Insect herbivores of aquatic and wetland plants in the United States: a checklist from literature. Journal of Aquatic Plant Management (JAPM), 47, 73.	2018-09-18T22:04:55.178Z
1018	44	single table	GoMexSI/baremore	Baremore, I., Murie, D., & Carlson, J. (2010). Seasonal and size-related differences in diet of the Atlantic angel shark Squatina dumeril in the northeastern Gulf of Mexico. Aquatic Biology, 8, 125–136. doi:10.3354/ab00214	2018-09-18T22:19:47.796Z
996	95	multi-table	GoMexSI/wrast	Wrast JL. 2008. Spatiotemporal And Habitat-mediated Food Web Dynamics in Lavaca Bay, Texas. Master Thesis.	2018-09-16T22:18:26.448Z
924	423	single table	millerse/Checklist-of-Micro-Organisms-Associated-With-Tree-Seeds-in-the-World	Sarah E Miller. 5/23/2017. Species associations manually extracted from Anderson, R. L. (1986). Checklist of micro-organisms associated with tree seeds in the world, 1985. Gen. Tech. Rep. SE-39. Asheville, NC: US Department of Agriculture, Forest Service, Southeastern Forest Experiment Station. 34 p., 39.	2018-09-18T22:59:05.781Z
923	297	single table	millerse/Clements-R.-E.-and-F.-L.-Long	Sarah E Miller. 6/22/2015. Species associations manually extracted from datasets https://www.nceas.ucsb.edu/interactionweb/resources.html.	2018-09-18T22:51:48.412Z
882	272	single table	globalbioticinteractions/caps-pest-lists	Jorrit H. Poelen. 2017. Species associations manually extracted from US National Cooperative Agricultural Pest Survey at <http://caps.ceris.purdue.edu/pest-lists>.	2018-09-18T22:52:12.241Z
851	222	single table	millerse/PLANT-SEED-DISPERSER-WEBS	Sarah E Miller. 6/20/2015. Species associations manually extracted from datasets https://www.nceas.ucsb.edu/interactionweb/resources.html.	2018-09-18T23:00:39.428Z
793	175	single table	globalbioticinteractions/life-watch-greece	Faulwetter S, Markantonatou V, Pavloudi C, Papageorgiou N, Keklikoglou K, Chatzinikolaou E, Pafilis E, Chatzigeorgiou G, Vasileiadou K, Dailianis T, Fanini L, Koulouri P, Arvanitidis C (2014) Polytraits: A database on biological traits of marine polychaetes. Biodiversity Data Journal 2: e1024. doi:10.3897/BDJ.2.e1024 . Available at http://polytraits.lifewatchgreece.eu.	2018-09-18T22:19:07.641Z
786	101	single table	millerse/Ant-Plant-Interactions	Sarah E Miller. 5/25/2017. Species associations extracted from Fernanda V. Costa. 2016. Ant-Plant Interactions in Brazilian Rupestrian Grasslands - Dataset from 2014. urn:node:KNB. doi:10.5063/F19C6VB4.	2018-09-18T23:00:51.792Z
762	27	single table	globalbioticinteractions/bell	Bell, K. C., Matek, D., Demboski, J. R., & Cook, J. A. (2015). Expanded Host Range of Sucking Lice and Pinworms of Western North American Chipmunks. Comparative Parasitology, 82(2), 312–321. doi:10.1654/4756.1 . Data provided by Kayce C. Bell.	2018-09-18T22:19:57.675Z
747	525	single table	millerse/Plant-Disease-Survey	Sarah E Miller. 5/17/2016. Distribution, Symptoms and Control of Some of the More Important Plant Diseases. Beltsville, Md.: Plant Disease Survey, Division of Mycology and Disease Survey, Bureau of Plant Industry, Soils, and Agricultural Engineering, Agricultural Research Administration, United States Department of Agriculture, 1953.	2018-09-18T22:11:16.942Z
746	220	single table	millerse/Arctic-food-web	Sarah E Miller. 7/7/2016. Text gathered from Wirta, H.K., Vesterinen, E.J., Hambäck, P.A., Weingartner, E., Rasmussen, C., Reneerkens, J., Schmidt, N.M., Gilg, O. and Roslin, T., 2015. Exposing the structure of an Arctic food web. Ecology and evolution, 5(17), pp.3842-3856.	2018-09-18T22:58:54.402Z
681	738	single table	jhpoelen/uredinales-belgium-checklist	no citation	2018-09-18T22:59:30.151Z
592	144	single table	millerse/Serengeti	Sarah E Miller. 7/27/2015. Baskerville, E.B. et al. (2011) Spatial guilds in the Serengeti food web revealed by a Bayesian group model. PLoS Comp. Biol. 7, e1002321	2018-09-18T22:51:47.742Z
474	198	single table	millerse/Plant-Herbivore-Web	Sarah E Miller. 6/18/2015. Species associations manually extracted from datasets https://www.nceas.ucsb.edu/interactionweb/resources.html.	2018-09-18T22:51:55.898Z
469	525	single table	millerse/The-Butterflies-of-North-America	Sarah E. Miller. 04/14/2015.  Extracted from literature Scott, J.A. 1986.  The Butterflies of North America.  Stanford University Press, Stanford, CA	2018-09-18T22:05:29.307Z
464	179	single table	millerse/Flea-Collection	Sarah E Miller. 7/7/2016. Text gathered from various flea texts.	2018-09-18T23:00:56.927Z
435	359	single table	millerse/Smithsonian-Repository-Interactions	Sarah E Miller. 4/20/2015. Species associations manually extracted from various papers and articles from site https://repository.si.edu	2018-09-18T22:05:15.917Z
395	358	single table	millerse/Interaction-data-by-SEM	Sarah E Miller. 2/4/2015. Species associations manually extracted from literature.	2018-09-18T22:59:49.650Z
367	310	single table	millerse/Jstor-Collecton	Sarah E Miller. 9/3/2015. Species associations manually extracted from JSTOR.	2018-09-18T22:52:22.932Z
362	124	single table	millerse/Plant-ant-webs	Sarah E Miller. 6/18/2015. Species associations manually extracted from datasets https://www.nceas.ucsb.edu/interactionweb/resources.html.	2018-09-18T22:59:39.828Z
337	5	single table	millerse/Adams-et-al.-2016	Sarah E Miller. 8/25/2016. Text gathered from Adams et al. 2016 A century of Chinook salmon consumption by marine mammal predators in the Northeast Pacific Ocean.	2018-09-18T23:00:01.649Z
335	2	single table	globalbioticinteractions/cook	Cook, CW. 2012. The early life history and reproductive biology of Cymothoa excisa, a marine isopod parasitizing Atlantic croaker, (Micropogonias undulatus), along the Texas coast. 2012. Masters Thesis. Available at https://repositories.lib.utexas.edu/handle/2152/ETD-UT-2012-08-6285 .	2018-09-18T22:52:42.335Z
331	138	single table	diatomsRcool/greenland_interactions		2018-09-18T22:19:52.815Z
256	133	single table	millerse/Hummingbird-and-Flower-Interactions	Sarah E Miller. 6/26/2015. https://www.desertmuseum.org/pollination/hummingbirds.php	2018-09-18T22:11:21.072Z
254	252	single table	diatomsRcool/yellowstone_grizzly	Gunther KA et al. 2014 Dietary breadth of grizzly bears in the Greater Yellowstone Ecosystem. Ursus 25(1):60-72	2018-09-18T23:00:50.134Z
227	104	single table	millerse/Coccidae-of-Egypt	Sarah E Miller. 8/25/2016. Text gathered from Hall, W.J., 1923. Further observations on the Coccidae of Egypt. Ministry of Agriculture, Technical and Scientific Service, Bulletin, (36), pp.1-61.	2018-09-18T22:51:49.284Z
223	96	single table	globalbioticinteractions/choy2017	no citation	2018-09-18T23:00:26.719Z
215	276	single table	millerse/parasitic-plant-connection	Sarah E Miller. 9/15/2016. Species associations extracted from http://parasiticplants.siu.edu/index.html.	2018-09-18T22:59:31.892Z
203	245	single table	globalbioticinteractions/cruaud	Cruaud A, Rønsted N, Chantarasuwan B, Chou LS, Clement WL, Couloux A, Cousins B, Genson G, Harrison RD, Hanson PE, Hossaert-McKey M, Jabbour-Zahab R, Jousselin E, Kerdelhué C, Kjellberg F, Lopez-Vaamonde C, Peebles J, Peng Y, Pereira RAS, Schramm T, Ubaidillah R, van Noort S, Weiblen GD, Yang D, Yodpinyanee A, Libeskind-Hadas R, Cook JM, Rasplus J, Savolainen V (2012) An extreme case of plant-insect co-diversification: figs and fig-pollinating wasps. Systematic Biology 61(6): 1029-1047. http://dx.doi.org/10.1093/sysbio/sys068	2018-09-18T22:58:56.499Z
191	61	single table	millerse/Feeding-Niches-of-Hummingbirds-in-a-Trinidad-Valley	Sarah E Miller. 5/24/2015. Text gathered from Snow, Barbara K., and D. W. Snow. Feeding niches of hummingbirds in a Trinidad valley. The Journal of Animal Ecology (1972): 471-485.	2018-09-18T22:52:05.375Z
187	46	single table	seltmann/vampire-moths-and-their-fruit-piercing-relatives	Jennifer Zaspel. 2018. Species associations manually extracted from literature.	2018-08-28T22:50:41.861Z
187	46	single table	seltmann/vampire-moth-globi	Jennifer Zaspel. 2018. Biotic species interactions manually extracted from literature.	2018-09-18T22:05:52.557Z
178	24	single table	millerse/Anemonefish	Sarah E Miller. 6/17/2015. Species associations manually extracted from datasets https://www.nceas.ucsb.edu/interactionweb/resources.html.	2018-09-18T22:59:39.160Z
156	27	single table	globalbioticinteractions/lupinus-nipomensis-interactions-2017	Justin Luong. 2017. Lupinus nipomensis arthropod association study.	2018-09-18T23:00:56.264Z
147	138	single table	millerse/Amphibians-and-Reptiles-Predators-and-Prey.-Amphibians-and-Birds	Sarah E Miller. 4/16/2015. Species associations manually extracted from Cook, W. E. Amphibians and Reptiles: Predators and Prey. Amphibians and Birds. Smithsonian Herpetological Information Service: 1-15.	2018-09-18T22:59:27.693Z
104	13	single table	millerse/Insect-Herbivores-on-Goldenrods-Solidago-altissima	Sarah E Miller. 3/25/2015. Species associations manually extracted from literature Root R. Insect Herbivores on Goldenrods (Solidago altissima) in the Finger Lakes Region, New York, USA (Dick_Root.7.13)	2018-09-18T22:19:23.039Z
97	61	single table	millerse/Fishes-of-Basrah-Province-Iraq	Sarah E Miller. 12/20/2016. Species associations manually extracted from Mhaisen, F.T., Ali, A.H. and Khamees, N.R., Checklists of Protozoans and Myxozoans of Freshwater and Marine Fishes of Basrah Province, Iraq.	2018-09-18T22:59:26.034Z
96	65	single table	millerse/Wharton-and-Marsh-1978.-New-World-Opiinae	Sarah E. Miller.  04/14/2015.  Information extracted from litterature Wharton, Robert A, and Paul M Marsh. New World Opiinae (Hymenoptera: Braconidae) Parasitic on Tephritidae (Diptera). Journal of the Washington Academy of Sciences 68 (1978): 21. http://www.biodiversitylibrary.org/part/50699.	2018-09-18T22:19:54.924Z
96	65	single table	millerse/Fly-parasites	Sarah E. Miller.  04/14/2015.  Information extracted from litterature Wharton, Robert A, and Paul M Marsh. New World Opiinae (Hymenoptera: Braconidae) Parasitic on Tephritidae (Diptera). Journal of the Washington Academy of Sciences 68 (1978): 21. http://www.biodiversitylibrary.org/part/50699.	2018-09-18T22:52:02.843Z
77	39	single table	holmesjtg/okaloosa-county-coastal-uplands	Jeff Holmes. 2015. Manually transcribed by EOL Education.	2018-09-18T22:19:55.709Z
74	36	single table	globalbioticinteractions/robledo	García-Robledo C, Erickson DL, Staines CL, Erwin TL, Kress WJ. Tropical Plant–Herbivore Networks: Reconstructing Species Interactions Using DNA Barcodes Heil M, editor. PLoS ONE [Internet]. 2013 January 8;8(1):e52967. Available from: http://dx.doi.org/10.1371/journal.pone.0052967	2018-09-18T22:59:26.990Z
62	40	single table	seltmann/ParasiteTracker-Globi	Jennifer Zaspel. 2018. Species associations manually extracted from literature.	2018-08-20T22:55:55.578Z
62	36	single table	millerse/Weidinger-et-al.-2009	Sarah E Miller. 3/4/2015. Species associations manually extracted from http://onlinelibrary.wiley.com/doi/10.1111/j.1474-919X.2009.00907.x/suppinfo.	2018-09-18T22:59:28.342Z
50	47	single table	millerse/Host-plant-and-distribution-records	Sarah E. Miller. 04/14/2015.  Information extracted from litterature Aluja, Martín and Piñero, Jaime and López, Maurilio and Ruíz, César and Zúñiga, Alberto and Piedra, Enrique and Díaz-Fleischer, Francisco and Sivinski, John. New Host Plant and Distribution Records in Mexico for Anastrepha Spp., Toxotrypana Curvicauda Gerstacker, Rhagoletis Zoqui Bush, Rhagoletis Sp., and Hexachaeta Sp. (Diptera: Tephritidae). Proceedings of the Entomological Society of Washington 102 (2000): 2000. http://www.biodiversitylibrary.org/part/54830.	2018-09-18T22:21:00.117Z
50	47	single table	millerse/Aluja-et-al-New-Host-Plant-and-Distribution-Records-in-Mexico	Sarah E. Miller. 04/14/2015.  Information extracted from litterature Aluja, Martín and Piñero, Jaime and López, Maurilio and Ruíz, César and Zúñiga, Alberto and Piedra, Enrique and Díaz-Fleischer, Francisco and Sivinski, John. New Host Plant and Distribution Records in Mexico for Anastrepha Spp., Toxotrypana Curvicauda Gerstacker, Rhagoletis Zoqui Bush, Rhagoletis Sp., and Hexachaeta Sp. (Diptera: Tephritidae). Proceedings of the Entomological Society of Washington 102 (2000): 2000. http://www.biodiversitylibrary.org/part/54830.	2018-09-18T22:19:46.933Z
48	11	single table	millerse/Fossil-snake	Sarah E Miller. 12/21/2016. Species associations extracted from Smith, K., Scanferla, A. 2016. Fossil snake preserving three trophic levels and evidence for an ontogenetic dietary shifts. Palaeobiodiversity and Palaeoenvironments. doi: 10.1007/s12549-016-0244-1	2018-09-18T22:52:43.073Z
42	6	single table	millerse/Zika-Virus	Sarah E Miller. 2/14/2016. Species associations manually extracted from Lanciotti RS, Kosoy OL, Laven JJ, Velez JO, Lambert AJ, Johnson AJ, et al. Genetic and serologic properties of Zika virus associated with an epidemic, Yap State, Micronesia, 2007. Emerg Infect Dis [serial on the Internet]. 2008 Aug [2/14/2016]. Available from http://wwwnc.cdc.gov/eid/article/14/8/08-0287 and Hayes EB. Zika virus outside Africa. Emerg Infect Dis [serial on the Internet]. 2009 Sep [2/14/2016]. Available from http://wwwnc.cdc.gov/eid/article/15/9/09-0442	2018-09-18T22:21:09.824Z
41	42	single table	millerse/Bald-Eagle-Diet	Sarah E Miller. 7/27/2015. Newsome SD, Collins PW, Sharpe P. Foraging ecology of a reintroduced population of breeding Bald Eagles on the Channel Islands, California, USA, inferred from prey remains and stable isotope analysis. The Condor [Internet]. Cooper Ornithological Society; 2015 Jul 22;117(3):396–413.	2018-09-18T22:51:55.217Z
41	13	single table	millerse/Lara-C.-2006	Sarah E Miller. 5/24/2016. Text gathered from Lara, C. (2006). Temporal dynamics of flower use by hummingbirds in a highland temperate forest in Mexico. Ecoscience, 13(1), 23-29.	2018-09-18T22:52:00.433Z
38	35	single table	NASUA/ZalophusPredatoryInteractions	Carranco.S ; Muñoz, G. 2018. Galapagos sea lion fish-feeding interaction dataset in the San Cristobal Island	2018-09-18T22:52:04.727Z
33	34	single table	millerse/Birds-Consumed-by-the-Invasive-Burmese-Python-Python-molurus-bivittatus-	Sarah E. Miller. 04/14/2015.  Information extracted from literature Dove, Carla J., Ray W. Snow, Michael R. Rochford, and Frank J. Mazzotti. Birds Consumed By The Invasive Burmese Python (Python Molurus Bivittatus) In Everglades National Park, Florida, USA. The Wilson Journal of Ornithology: 126-31.	2018-09-18T22:59:29.013Z
32	20	single table	millerse/Greystock-et-al.-2015	Sarah E Miller. 9/19/2016. Species associations extracted from Graystock, P., Blane, E.J., McFrederick, Q.S., Goulson, D. and Hughes, W.O., 2016. Do managed bees drive parasite spread and emergence in wild bees?. International Journal for Parasitology: Parasites and Wildlife, 5(1), pp.64-75.	2018-09-18T22:07:29.971Z
31	25	single table	jhammock/Layman-and-Allgeier-Lionfish	Layman, CA, Allgeier, JE. 2012. Characterizing trophic ecology of generalist consumers: a case study of the invasive lionfish in The Bahamas. Mar Ecol Prog Ser, Vol. 448: 131–141. doi: 10.3354/meps09511	2018-09-18T22:59:47.918Z
31	10	single table	millerse/Bat-flies	Sarah E Miller. 9/6/2015. Species associations manually extracted from Obame-Nkoghe, J., Rahola, N., Bourgarel, M., Yangari, P., Prugnolle, F., Maganga, G.D., Leroy, E.M., Fontenille, D., Ayala, D. and Paupy, C., 2016. Bat flies (Diptera: Nycteribiidae and Streblidae) infesting cave-dwelling bats in Gabon: diversity, dynamics and potential role in Polychromophilus melanipherus transmission. Parasites & Vectors, 9(1), p.1.	2018-09-18T22:21:00.861Z
29	34	single table	millerse/Bird-Parasite	Sarah E Miller. 3/18/2015. Species associations manually extracted from site http://www.burkemuseum.org/ornithology/phenology 	2018-09-18T22:11:02.112Z
17	31	single table	globalbioticinteractions/hafner	Shan Kothari, Pers. Comm. 2014. Dataset extracted by Shan Kothari from: Mark S. Hafner, Philip D. Sudman, Francis X. Villablanca, Theresa A. Spradling, James W. Demastes, Steven A. Nadler. (1994). Disparate Rates of Molecular Evolution in Cospeciating Hosts and Parasites. Science 265: 1087-1090.	2018-09-18T22:05:15.002Z
16	25	single table	KatjaSchulz/dinosaur-biotic-interactions	Katja Schulz. 2015. Information about dinosaur diets manually extracted from literature.	2018-09-18T22:52:01.227Z
16	25	single table	cmungall/dinosaur-biotic-interactions	Katja Schulz. 2015. Information about dinosaur diets manually extracted from literature.	2018-09-18T22:59:54.959Z
13	14	single table	millerse/Diseases-of-Coffee-in-Porto-Rico	Sarah E Miller. 5/17/2016. Text gathered from Fawcett, George L. Fungus Diseases of Coffee in Porto Rico. 1915. doi:10.5962/bhl.title.37321	2018-09-18T22:05:48.009Z
11	19	single table	tkuhn/template-dataset	Jorrit H. Poelen. 2014. Species associations manually extracted from literature.	2018-09-18T22:05:18.929Z
11	19	single table	seltmann/template-dataset	Jorrit H. Poelen. 2014. Species associations manually extracted from literature.	2018-08-16T22:06:13.582Z
11	19	single table	ParasiteTracker/vampire-moths-and-their-fruit-piercing-relatives-Occurrence-Records	Jorrit H. Poelen. 2014. Species associations manually extracted from literature.	2018-08-28T22:50:41.004Z
11	19	single table	mangal-wg/template-dataset	Jorrit H. Poelen. 2014. Species associations manually extracted from literature.	2018-09-18T22:51:50.859Z
11	19	single table	globalbioticinteractions/template-dataset	Jorrit H. Poelen. 2014. Species associations manually extracted from literature.	2018-09-18T22:11:16.206Z
11	19	single table	abarner/template-dataset	Jorrit H. Poelen. 2014. Species associations manually extracted from literature.	2018-09-18T22:05:18.070Z
2	4	single table	globalbioticinteractions/species-interaction-dataset-inventory	A dataset of interaction datasets.	2018-09-18T22:51:54.546Z
2	3	single table	jhpoelen/geosymbio	Jorrit H. Poelen. 2015. Summarizing interactions of Symbiodinium after consulting Michele Weber.	2018-09-18T23:00:54.878Z
2	3	rdf	globalbioticinteractions/jsonld-template-dataset	no citation	2018-09-18T22:10:48.540Z
1	2	single table	millerse/Seton-1929	Sarah E Miller. 11/5/2015. Interaction gathered from Seton, E.T. (1929) Lives of Game Animals. Doubleday, Doran & Co., Garden City N.Y., 506 pp.	2018-09-18T22:05:13.034Z
1	2	single table	globalbioticinteractions/known-projects	A dataset of interaction datasets.	2017-11-28T20:14:23Z
1	2	single table	arw36/species-interaction-dataset-inventory	A dataset of interaction datasets.	2018-09-18T23:00:41.700Z
0	0	multi-table	globalbioticinteractions/kelpforest	Beas-Luna, R., Novak, M., Carr, M. H., Tinker, M. T., Black, A., Caselle, J. E., … Iles, A. (2014). An Online Database for Informing Ecological Network Models: http://kelpforest.ucsc.edu. PLoS ONE, 9(10), e109356. doi:10.1371/journal.pone.0109356	2018-09-18T22:59:50.154Z
